1,28/11/2023 19:34:41,24.32,24.07,24.44,23.87,23.96,23.56,23.48
2,28/11/2023 19:34:42,24.32,24.06,24.44,23.87,23.96,23.56,23.48
3,28/11/2023 19:34:43,24.32,24.06,24.44,23.87,23.96,23.56,23.49
4,28/11/2023 19:34:44,24.32,24.06,24.44,23.87,23.96,23.56,23.49
5,28/11/2023 19:34:45,24.32,24.06,24.44,23.87,23.96,23.56,23.49
6,28/11/2023 19:34:46,24.32,24.07,24.44,23.87,23.96,23.56,23.49
7,28/11/2023 19:34:47,24.32,24.07,24.44,23.86,23.97,23.56,23.49
8,28/11/2023 19:34:48,24.32,24.06,24.44,23.86,23.97,23.56,23.49
9,28/11/2023 19:34:49,24.32,24.06,24.43,23.86,23.97,23.56,23.49
10,28/11/2023 19:34:50,24.31,24.06,24.44,23.86,23.97,23.57,23.49
11,28/11/2023 19:34:51,24.32,24.07,24.43,23.85,23.97,23.56,23.49
12,28/11/2023 19:34:52,24.32,24.06,24.42,23.85,23.97,23.56,23.49
13,28/11/2023 19:34:53,24.31,24.06,24.43,23.85,23.97,23.57,23.49
14,28/11/2023 19:34:54,24.31,24.06,24.43,23.84,23.97,23.57,23.49
15,28/11/2023 19:34:55,24.31,24.06,24.43,23.85,23.97,23.57,23.49
16,28/11/2023 19:34:56,24.31,24.06,24.43,23.85,23.98,23.57,23.49
17,28/11/2023 19:34:57,24.32,24.06,24.43,23.85,23.98,23.57,23.5
18,28/11/2023 19:34:58,24.31,24.05,24.43,23.85,23.98,23.57,23.5
19,28/11/2023 19:34:59,24.31,24.06,24.43,23.85,23.98,23.57,23.5
20,28/11/2023 19:35:00,24.31,24.06,24.43,23.86,23.98,23.57,23.5
21,28/11/2023 19:35:01,24.31,24.06,24.43,23.86,23.98,23.57,23.5
22,28/11/2023 19:35:02,24.31,24.06,24.43,23.86,23.99,23.57,23.49
23,28/11/2023 19:35:03,24.31,24.06,24.43,23.85,23.98,23.57,23.49
24,28/11/2023 19:35:04,24.3,24.05,24.42,23.85,23.99,23.57,23.49
25,28/11/2023 19:35:05,24.31,24.05,24.42,23.84,23.99,23.57,23.5
26,28/11/2023 19:35:06,24.31,24.05,24.43,23.85,23.98,23.57,23.49
27,28/11/2023 19:35:07,24.3,24.05,24.42,23.84,23.99,23.57,23.49
28,28/11/2023 19:35:08,24.3,24.05,24.42,23.83,23.99,23.57,23.49
29,28/11/2023 19:35:09,24.3,24.05,24.42,23.84,23.99,23.57,23.5
30,28/11/2023 19:35:10,24.3,24.05,24.42,23.83,23.99,23.57,23.49
31,28/11/2023 19:35:11,24.3,24.05,24.42,23.83,24,23.57,23.49
32,28/11/2023 19:35:12,24.3,24.05,24.41,23.83,23.99,23.57,23.49
33,28/11/2023 19:35:13,24.3,24.05,24.41,23.83,24,23.57,23.49
34,28/11/2023 19:35:14,24.3,24.05,24.41,23.83,23.99,23.57,23.5
35,28/11/2023 19:35:15,24.3,24.05,24.41,23.82,23.99,23.57,23.49
36,28/11/2023 19:35:16,24.3,24.05,24.41,23.82,23.99,23.57,23.49
37,28/11/2023 19:35:17,24.3,24.05,24.41,23.82,23.99,23.57,23.49
38,28/11/2023 19:35:18,24.3,24.05,24.4,23.81,23.98,23.57,23.49
39,28/11/2023 19:35:19,24.3,24.05,24.4,23.81,23.99,23.57,23.49
40,28/11/2023 19:35:20,24.3,24.05,24.4,23.81,23.98,23.57,23.49
41,28/11/2023 19:35:21,24.29,24.04,24.4,23.81,23.98,23.57,23.49
42,28/11/2023 19:35:22,24.29,24.05,24.4,23.82,23.98,23.56,23.49
43,28/11/2023 19:35:23,24.29,24.05,24.4,23.82,23.97,23.57,23.49
44,28/11/2023 19:35:24,24.29,24.04,24.4,23.82,23.97,23.56,23.48
45,28/11/2023 19:35:25,24.29,24.04,24.4,23.82,23.97,23.55,23.48
46,28/11/2023 19:35:26,24.3,24.04,24.4,23.82,23.97,23.55,23.48
47,28/11/2023 19:35:27,24.29,24.04,24.4,23.82,23.97,23.56,23.48
48,28/11/2023 19:35:28,24.29,24.04,24.4,23.82,23.96,23.55,23.48
49,28/11/2023 19:35:29,24.29,24.04,24.39,23.82,23.96,23.55,23.48
50,28/11/2023 19:35:30,24.29,24.04,24.39,23.81,23.96,23.54,23.48
51,28/11/2023 19:35:31,24.29,24.04,24.39,23.82,23.95,23.55,23.48
52,28/11/2023 19:35:32,24.29,24.04,24.38,23.82,23.95,23.55,23.48
53,28/11/2023 19:35:33,24.29,24.04,24.39,23.81,23.95,23.55,23.48
54,28/11/2023 19:35:34,24.28,24.04,24.38,23.81,23.95,23.54,23.47
55,28/11/2023 19:35:35,24.28,24.04,24.39,23.81,23.95,23.54,23.47
56,28/11/2023 19:35:36,24.29,24.04,24.38,23.81,23.95,23.54,23.47
57,28/11/2023 19:35:37,24.28,24.04,24.38,23.81,23.95,23.54,23.47
58,28/11/2023 19:35:38,24.28,24.03,24.38,23.81,23.96,23.53,23.46
59,28/11/2023 19:35:39,24.28,24.04,24.38,23.81,23.96,23.53,23.47
60,28/11/2023 19:35:40,24.28,24.03,24.38,23.81,23.96,23.54,23.47
61,28/11/2023 19:35:41,24.28,24.03,24.38,23.81,23.95,23.53,23.47
62,28/11/2023 19:35:42,24.28,24.03,24.38,23.8,23.95,23.53,23.47
63,28/11/2023 19:35:43,24.28,24.03,24.38,23.8,23.95,23.53,23.47
64,28/11/2023 19:35:44,24.28,24.03,24.37,23.8,23.96,23.53,23.47
65,28/11/2023 19:35:45,24.28,24.03,24.37,23.8,23.95,23.53,23.47
66,28/11/2023 19:35:46,24.28,24.03,24.38,23.8,23.95,23.53,23.47
67,28/11/2023 19:35:47,24.28,24.04,24.37,23.8,23.94,23.53,23.46
68,28/11/2023 19:35:48,24.28,24.04,24.37,23.79,23.95,23.53,23.47
69,28/11/2023 19:35:49,24.28,24.03,24.37,23.79,23.95,23.53,23.47
70,28/11/2023 19:35:50,24.27,24.03,24.37,23.79,23.95,23.53,23.47
71,28/11/2023 19:35:51,24.27,24.03,24.37,23.79,23.96,23.53,23.47
72,28/11/2023 19:35:52,24.27,24.03,24.36,23.79,23.95,23.54,23.47
73,28/11/2023 19:35:53,24.27,24.03,24.37,23.78,23.96,23.53,23.47
74,28/11/2023 19:35:54,24.27,24.03,24.36,23.78,23.96,23.54,23.47
75,28/11/2023 19:35:55,24.27,24.03,24.36,23.78,23.96,23.53,23.47
76,28/11/2023 19:35:56,24.26,24.03,24.36,23.77,23.96,23.53,23.47
77,28/11/2023 19:35:57,24.26,24.02,24.36,23.76,23.96,23.53,23.47
78,28/11/2023 19:35:58,24.27,24.03,24.35,23.77,23.96,23.52,23.47
79,28/11/2023 19:35:59,24.26,24.03,24.35,23.77,23.96,23.53,23.47
80,28/11/2023 19:36:00,24.26,24.02,24.35,23.76,23.96,23.53,23.47
81,28/11/2023 19:36:01,24.26,24.03,24.35,23.77,23.97,23.52,23.47
82,28/11/2023 19:36:02,24.26,24.02,24.35,23.76,23.97,23.53,23.48
83,28/11/2023 19:36:03,24.26,24.02,24.34,23.75,23.96,23.52,23.47
84,28/11/2023 19:36:04,24.26,24.02,24.34,23.75,23.97,23.52,23.47
85,28/11/2023 19:36:05,24.26,24.02,24.34,23.75,23.97,23.52,23.47
86,28/11/2023 19:36:06,24.25,24.02,24.34,23.76,23.97,23.53,23.47
87,28/11/2023 19:36:07,24.25,24.02,24.35,23.76,23.97,23.52,23.47
88,28/11/2023 19:36:08,24.25,24.02,24.34,23.76,23.97,23.52,23.47
89,28/11/2023 19:36:09,24.25,24.02,24.34,23.75,23.97,23.52,23.47
90,28/11/2023 19:36:10,24.25,24.02,24.34,23.76,23.97,23.53,23.47
91,28/11/2023 19:36:11,24.26,24.02,24.34,23.76,23.97,23.53,23.47
92,28/11/2023 19:36:12,24.25,24.02,24.34,23.76,23.97,23.52,23.47
93,28/11/2023 19:36:13,24.25,24.02,24.34,23.75,23.97,23.52,23.47
94,28/11/2023 19:36:14,24.25,24.02,24.34,23.75,23.97,23.52,23.47
95,28/11/2023 19:36:15,24.25,24.01,24.34,23.75,23.96,23.52,23.46
96,28/11/2023 19:36:16,24.24,24.02,24.34,23.75,23.96,23.52,23.47
97,28/11/2023 19:36:17,24.25,24.01,24.33,23.74,23.96,23.52,23.47
98,28/11/2023 19:36:18,24.25,24.01,24.34,23.74,23.96,23.53,23.47
99,28/11/2023 19:36:19,24.24,24.01,24.34,23.73,23.96,23.52,23.47
100,28/11/2023 19:36:20,24.24,24.01,24.34,23.73,23.96,23.52,23.47
101,28/11/2023 19:36:21,24.24,24.01,24.33,23.73,23.96,23.52,23.47
102,28/11/2023 19:36:22,24.25,24.02,24.33,23.73,23.95,23.52,23.47
103,28/11/2023 19:36:23,24.24,24.01,24.34,23.72,23.95,23.52,23.46
104,28/11/2023 19:36:24,24.24,24.01,24.33,23.73,23.95,23.53,23.47
105,28/11/2023 19:36:25,24.24,24.01,24.33,23.72,23.94,23.52,23.47
106,28/11/2023 19:36:26,24.23,24,24.33,23.73,23.94,23.52,23.46
107,28/11/2023 19:36:27,24.24,24.01,24.33,23.73,23.93,23.52,23.46
108,28/11/2023 19:36:28,24.24,24,24.33,23.73,23.93,23.52,23.47
109,28/11/2023 19:36:29,24.23,24,24.33,23.73,23.92,23.52,23.47
110,28/11/2023 19:36:30,24.24,24,24.33,23.73,23.92,23.52,23.47
111,28/11/2023 19:36:31,24.23,24,24.33,23.73,23.92,23.52,23.47
112,28/11/2023 19:36:32,24.23,24,24.32,23.73,23.91,23.52,23.46
113,28/11/2023 19:36:33,24.23,24,24.33,23.73,23.91,23.52,23.46
114,28/11/2023 19:36:34,24.23,24.01,24.33,23.73,23.92,23.52,23.47
115,28/11/2023 19:36:35,24.23,24,24.32,23.73,23.91,23.52,23.47
116,28/11/2023 19:36:36,24.23,24,24.32,23.73,23.91,23.52,23.47
117,28/11/2023 19:36:37,24.23,24,24.32,23.73,23.91,23.52,23.47
118,28/11/2023 19:36:38,24.23,24,24.32,23.73,23.91,23.52,23.46
119,28/11/2023 19:36:39,24.22,24,24.32,23.73,23.91,23.52,23.46
120,28/11/2023 19:36:40,24.22,24,24.32,23.72,23.91,23.51,23.46
121,28/11/2023 19:36:41,24.23,24,24.32,23.72,23.91,23.51,23.46
122,28/11/2023 19:36:42,24.23,24,24.32,23.73,23.91,23.51,23.46
123,28/11/2023 19:36:43,24.22,23.99,24.32,23.72,23.92,23.51,23.46
124,28/11/2023 19:36:44,24.23,24,24.31,23.72,23.91,23.51,23.45
125,28/11/2023 19:36:45,24.22,24,24.32,23.72,23.92,23.51,23.45
126,28/11/2023 19:36:46,24.22,23.99,24.32,23.72,23.92,23.51,23.45
127,28/11/2023 19:36:47,24.22,24,24.32,23.72,23.92,23.51,23.45
128,28/11/2023 19:36:48,24.22,23.99,24.32,23.72,23.92,23.51,23.45
129,28/11/2023 19:36:49,24.22,23.99,24.32,23.72,23.92,23.51,23.45
130,28/11/2023 19:36:50,24.21,23.99,24.31,23.72,23.92,23.51,23.45
131,28/11/2023 19:36:51,24.21,23.99,24.32,23.72,23.92,23.51,23.45
132,28/11/2023 19:36:52,24.21,23.99,24.32,23.72,23.92,23.51,23.46
133,28/11/2023 19:36:53,24.22,23.99,24.31,23.72,23.92,23.51,23.45
134,28/11/2023 19:36:54,24.21,23.99,24.31,23.72,23.91,23.51,23.46
135,28/11/2023 19:36:55,24.21,23.99,24.3,23.72,23.92,23.51,23.45
136,28/11/2023 19:36:56,24.21,23.99,24.31,23.72,23.92,23.5,23.45
137,28/11/2023 19:36:57,24.21,23.99,24.31,23.72,23.92,23.51,23.45
138,28/11/2023 19:36:58,24.21,23.99,24.3,23.73,23.92,23.51,23.45
139,28/11/2023 19:36:59,24.21,23.99,24.31,23.73,23.92,23.5,23.45
140,28/11/2023 19:37:00,24.21,23.98,24.31,23.73,23.92,23.5,23.46
141,28/11/2023 19:37:01,24.21,23.98,24.3,23.73,23.92,23.5,23.45
142,28/11/2023 19:37:02,24.21,23.98,24.3,23.73,23.92,23.5,23.44
143,28/11/2023 19:37:03,24.21,23.98,24.3,23.73,23.92,23.5,23.44
144,28/11/2023 19:37:04,24.21,23.98,24.3,23.73,23.92,23.5,23.44
145,28/11/2023 19:37:05,24.2,23.98,24.31,23.73,23.92,23.49,23.44
146,28/11/2023 19:37:06,24.2,23.98,24.31,23.73,23.92,23.49,23.44
147,28/11/2023 19:37:07,24.2,23.98,24.31,23.73,23.92,23.49,23.43
148,28/11/2023 19:37:08,24.2,23.98,24.31,23.73,23.91,23.49,23.44
149,28/11/2023 19:37:09,24.2,23.98,24.31,23.73,23.91,23.49,23.44
150,28/11/2023 19:37:10,24.2,23.98,24.31,23.73,23.91,23.49,23.43
151,28/11/2023 19:37:11,24.2,23.98,24.31,23.73,23.91,23.49,23.43
152,28/11/2023 19:37:12,24.2,23.98,24.31,23.72,23.9,23.49,23.43
153,28/11/2023 19:37:13,24.2,23.97,24.31,23.72,23.9,23.49,23.43
154,28/11/2023 19:37:14,24.2,23.97,24.3,23.71,23.9,23.49,23.43
155,28/11/2023 19:37:15,24.2,23.98,24.3,23.72,23.9,23.49,23.43
156,28/11/2023 19:37:16,24.2,23.97,24.3,23.72,23.9,23.48,23.42
157,28/11/2023 19:37:17,24.2,23.97,24.3,23.71,23.89,23.48,23.43
158,28/11/2023 19:37:18,24.19,23.97,24.3,23.71,23.9,23.48,23.42
159,28/11/2023 19:37:19,24.19,23.97,24.3,23.71,23.9,23.48,23.42
160,28/11/2023 19:37:20,24.2,23.97,24.3,23.71,23.91,23.48,23.42
161,28/11/2023 19:37:21,24.19,23.98,24.3,23.71,23.91,23.48,23.42
162,28/11/2023 19:37:22,24.19,23.97,24.29,23.72,23.91,23.48,23.42
163,28/11/2023 19:37:23,24.19,23.97,24.3,23.71,23.92,23.48,23.42
164,28/11/2023 19:37:24,24.19,23.97,24.29,23.71,23.93,23.48,23.42
165,28/11/2023 19:37:25,24.19,23.97,24.29,23.71,23.93,23.48,23.42
166,28/11/2023 19:37:26,24.19,23.97,24.29,23.71,23.93,23.48,23.43
167,28/11/2023 19:37:27,24.18,23.97,24.29,23.71,23.93,23.48,23.43
168,28/11/2023 19:37:28,24.18,23.97,24.29,23.71,23.93,23.48,23.43
169,28/11/2023 19:37:29,24.18,23.97,24.28,23.7,23.93,23.48,23.43
170,28/11/2023 19:37:30,24.18,23.96,24.29,23.71,23.93,23.48,23.43
171,28/11/2023 19:37:31,24.18,23.96,24.28,23.71,23.93,23.48,23.43
172,28/11/2023 19:37:32,24.18,23.97,24.28,23.71,23.94,23.48,23.42
173,28/11/2023 19:37:33,24.18,23.96,24.28,23.71,23.93,23.47,23.43
174,28/11/2023 19:37:34,24.18,23.96,24.28,23.7,23.93,23.48,23.43
175,28/11/2023 19:37:35,24.18,23.97,24.28,23.71,23.92,23.47,23.42
176,28/11/2023 19:37:36,24.18,23.96,24.28,23.71,23.93,23.48,23.43
177,28/11/2023 19:37:37,24.18,23.96,24.29,23.71,23.92,23.48,23.43
178,28/11/2023 19:37:38,24.18,23.96,24.28,23.72,23.92,23.47,23.43
179,28/11/2023 19:37:39,24.17,23.96,24.28,23.71,23.92,23.48,23.43
180,28/11/2023 19:37:40,24.18,23.96,24.28,23.72,23.92,23.48,23.43
181,28/11/2023 19:37:41,24.18,23.95,24.28,23.72,23.92,23.47,23.43
182,28/11/2023 19:37:42,24.18,23.96,24.28,23.72,23.92,23.48,23.43
183,28/11/2023 19:37:43,24.17,23.95,24.28,23.72,23.92,23.47,23.43
184,28/11/2023 19:37:44,24.17,23.96,24.28,23.72,23.91,23.47,23.43
185,28/11/2023 19:37:45,24.18,23.95,24.28,23.72,23.92,23.47,23.43
186,28/11/2023 19:37:46,24.17,23.96,24.28,23.71,23.92,23.47,23.43
187,28/11/2023 19:37:47,24.17,23.95,24.28,23.71,23.91,23.47,23.43
188,28/11/2023 19:37:48,24.17,23.95,24.27,23.71,23.91,23.48,23.43
189,28/11/2023 19:37:49,24.17,23.95,24.27,23.7,23.91,23.48,23.44
190,28/11/2023 19:37:50,24.17,23.95,24.27,23.7,23.91,23.48,23.44
191,28/11/2023 19:37:51,24.17,23.95,24.27,23.7,23.91,23.48,23.44
192,28/11/2023 19:37:52,24.17,23.95,24.27,23.69,23.91,23.48,23.44
193,28/11/2023 19:37:53,24.17,23.95,24.27,23.69,23.91,23.48,23.44
194,28/11/2023 19:37:54,24.17,23.95,24.27,23.69,23.91,23.47,23.44
195,28/11/2023 19:37:55,24.17,23.95,24.26,23.68,23.91,23.48,23.44
196,28/11/2023 19:37:56,24.16,23.95,24.26,23.67,23.91,23.48,23.44
197,28/11/2023 19:37:57,24.16,23.95,24.27,23.67,23.91,23.48,23.44
198,28/11/2023 19:37:58,24.16,23.95,24.26,23.68,23.91,23.48,23.44
199,28/11/2023 19:37:59,24.16,23.95,24.26,23.68,23.92,23.48,23.44
200,28/11/2023 19:38:00,24.16,23.95,24.27,23.68,23.92,23.48,23.44
201,28/11/2023 19:38:01,24.16,23.95,24.27,23.68,23.92,23.48,23.44
202,28/11/2023 19:38:02,24.16,23.95,24.26,23.68,23.92,23.48,23.44
203,28/11/2023 19:38:03,24.16,23.95,24.27,23.67,23.93,23.48,23.45
204,28/11/2023 19:38:04,24.16,23.94,24.26,23.67,23.93,23.48,23.45
205,28/11/2023 19:38:05,24.16,23.94,24.26,23.68,23.94,23.48,23.44
206,28/11/2023 19:38:06,24.16,23.94,24.26,23.67,23.94,23.49,23.44
207,28/11/2023 19:38:07,24.16,23.94,24.26,23.67,23.93,23.49,23.44
208,28/11/2023 19:38:08,24.16,23.93,24.26,23.67,23.94,23.48,23.44
209,28/11/2023 19:38:09,24.15,23.94,24.26,23.68,23.95,23.47,23.44
210,28/11/2023 19:38:10,24.16,23.94,24.26,23.67,23.95,23.48,23.45
211,28/11/2023 19:38:11,24.15,23.94,24.25,23.68,23.96,23.48,23.44
212,28/11/2023 19:38:12,24.15,23.94,24.25,23.68,23.96,23.48,23.44
213,28/11/2023 19:38:13,24.15,23.93,24.25,23.68,23.96,23.48,23.44
214,28/11/2023 19:38:14,24.15,23.93,24.25,23.68,23.96,23.48,23.44
215,28/11/2023 19:38:15,24.15,23.93,24.25,23.68,23.97,23.48,23.44
216,28/11/2023 19:38:16,24.15,23.93,24.25,23.68,23.97,23.47,23.44
217,28/11/2023 19:38:17,24.15,23.93,24.25,23.68,23.99,23.47,23.44
218,28/11/2023 19:38:18,24.15,23.93,24.25,23.68,23.98,23.48,23.44
219,28/11/2023 19:38:19,24.15,23.94,24.24,23.68,23.98,23.49,23.44
220,28/11/2023 19:38:20,24.15,23.93,24.25,23.68,23.98,23.48,23.44
221,28/11/2023 19:38:21,24.15,23.93,24.24,23.68,23.97,23.48,23.44
222,28/11/2023 19:38:22,24.14,23.93,24.25,23.68,23.97,23.48,23.44
223,28/11/2023 19:38:23,24.15,23.93,24.25,23.68,23.97,23.48,23.45
224,28/11/2023 19:38:24,24.14,23.93,24.24,23.67,23.97,23.49,23.45
225,28/11/2023 19:38:25,24.15,23.93,24.24,23.68,23.97,23.5,23.45
226,28/11/2023 19:38:26,24.14,23.93,24.23,23.68,23.96,23.51,23.46
227,28/11/2023 19:38:27,24.15,23.93,24.23,23.68,23.95,29.18,27.51
228,28/11/2023 19:38:28,24.14,23.92,24.23,23.68,23.95,35.65,34.52
229,28/11/2023 19:38:29,24.14,23.93,24.24,23.68,23.95,38.11,37.51
230,28/11/2023 19:38:30,24.14,23.92,24.23,23.68,23.95,39.07,38.66
231,28/11/2023 19:38:31,24.14,23.93,24.23,23.68,23.94,39.5,39.19
232,28/11/2023 19:38:32,24.14,23.92,24.24,23.68,23.94,39.7,39.43
233,28/11/2023 19:38:33,24.14,23.92,24.23,23.68,23.94,39.79,39.53
234,28/11/2023 19:38:34,24.14,23.92,24.23,23.68,23.94,39.83,39.59
235,28/11/2023 19:38:35,24.14,23.93,24.23,23.68,23.94,39.84,39.61
236,28/11/2023 19:38:36,24.14,23.92,24.23,23.68,23.94,39.82,39.6
237,28/11/2023 19:38:37,24.14,23.92,24.23,23.68,23.94,39.83,39.6
238,28/11/2023 19:38:38,24.13,23.92,24.23,23.68,23.94,39.84,39.6
239,28/11/2023 19:38:39,24.13,23.92,24.23,23.68,23.94,39.84,39.62
240,28/11/2023 19:38:40,24.13,23.92,24.23,23.68,23.93,39.85,39.62
241,28/11/2023 19:38:41,24.13,23.92,24.23,23.69,23.94,39.86,39.62
242,28/11/2023 19:38:42,24.13,23.92,24.23,23.69,23.94,39.85,39.62
243,28/11/2023 19:38:43,24.13,23.92,24.23,23.69,23.93,39.86,39.62
244,28/11/2023 19:38:44,24.13,23.92,24.23,23.68,23.93,39.86,39.63
245,28/11/2023 19:38:45,24.13,23.91,24.22,23.69,23.93,39.86,39.62
246,28/11/2023 19:38:46,24.13,23.91,24.23,23.68,23.93,39.85,39.62
247,28/11/2023 19:38:47,24.13,23.92,24.23,23.68,23.93,39.86,39.61
248,28/11/2023 19:38:48,24.13,23.92,24.23,23.68,23.93,39.85,39.61
249,28/11/2023 19:38:49,24.12,23.92,24.23,23.68,23.93,39.86,39.61
250,28/11/2023 19:38:50,24.12,23.91,24.23,23.68,23.93,39.85,39.61
251,28/11/2023 19:38:51,24.12,23.91,24.23,23.67,23.93,39.85,39.61
252,28/11/2023 19:38:52,24.12,23.91,24.23,23.67,23.93,39.84,39.61
253,28/11/2023 19:38:53,24.12,23.91,24.23,23.67,23.93,39.83,39.6
254,28/11/2023 19:38:54,24.12,23.91,24.23,23.67,23.92,39.83,39.59
255,28/11/2023 19:38:55,24.12,23.91,24.23,23.67,23.92,39.82,39.58
256,28/11/2023 19:38:56,24.12,23.91,24.23,23.67,23.92,39.83,39.58
257,28/11/2023 19:38:57,24.12,23.91,24.23,23.66,23.91,39.83,39.59
258,28/11/2023 19:38:58,24.12,23.91,24.23,23.67,23.91,39.83,39.59
259,28/11/2023 19:38:59,24.12,23.91,24.23,23.67,23.91,39.83,39.59
260,28/11/2023 19:39:00,24.12,23.91,24.23,23.66,23.9,39.83,39.59
261,28/11/2023 19:39:01,24.12,23.91,24.23,23.66,23.91,39.83,39.59
262,28/11/2023 19:39:02,24.12,23.91,24.23,23.67,23.91,39.82,39.59
263,28/11/2023 19:39:03,24.12,23.91,24.24,23.66,23.91,39.82,39.59
264,28/11/2023 19:39:04,24.12,23.91,24.24,23.66,23.92,39.51,39.31
265,28/11/2023 19:39:05,24.11,23.91,24.24,23.66,23.92,39,38.46
266,28/11/2023 19:39:06,24.12,23.9,24.24,23.66,23.93,38.45,37.41
267,28/11/2023 19:39:07,24.11,23.9,24.24,23.66,23.93,38.06,36.96
268,28/11/2023 19:39:08,24.12,23.9,24.23,23.66,23.94,37.72,36.72
269,28/11/2023 19:39:09,24.11,23.9,24.24,23.66,23.94,37.4,36.53
270,28/11/2023 19:39:10,24.11,23.9,24.23,23.66,23.95,37.09,36.38
271,28/11/2023 19:39:11,24.11,23.91,24.23,23.67,23.95,36.78,36.24
272,28/11/2023 19:39:12,24.11,23.9,24.23,23.67,23.96,36.47,36.1
273,28/11/2023 19:39:13,24.11,23.9,24.24,23.67,23.97,36.2,35.98
274,28/11/2023 19:39:14,24.11,23.9,24.24,23.68,23.97,35.98,35.85
275,28/11/2023 19:39:15,24.11,23.9,24.23,23.69,23.97,35.76,35.72
276,28/11/2023 19:39:16,24.11,23.9,24.23,23.68,23.97,35.53,35.59
277,28/11/2023 19:39:17,24.11,23.9,24.23,23.68,23.97,35.3,35.47
278,28/11/2023 19:39:18,24.1,23.89,24.23,23.68,23.98,35.09,35.34
279,28/11/2023 19:39:19,24.11,23.89,24.23,23.68,23.98,34.89,35.21
280,28/11/2023 19:39:20,24.11,23.9,24.23,23.69,23.99,34.7,35.08
281,28/11/2023 19:39:21,24.11,23.9,24.23,23.69,24,34.51,34.95
282,28/11/2023 19:39:22,24.11,23.9,24.23,23.69,23.99,34.33,34.83
283,28/11/2023 19:39:23,24.1,23.9,24.22,23.69,24,34.15,34.7
284,28/11/2023 19:39:24,24.11,23.89,24.23,23.69,24,33.99,34.58
285,28/11/2023 19:39:25,24.11,23.9,24.23,23.69,23.99,33.83,34.46
286,28/11/2023 19:39:26,24.11,23.89,24.23,23.69,23.99,33.66,34.33
287,28/11/2023 19:39:27,24.1,23.9,24.22,23.7,23.98,33.48,34.21
288,28/11/2023 19:39:28,24.1,23.9,24.22,23.7,23.99,33.3,34.09
289,28/11/2023 19:39:29,24.11,23.89,24.22,23.71,23.99,33.15,33.97
290,28/11/2023 19:39:30,24.11,23.89,24.23,23.7,23.98,32.99,33.85
291,28/11/2023 19:39:31,24.1,23.89,24.22,23.7,23.98,32.84,33.73
292,28/11/2023 19:39:32,24.1,23.9,24.22,23.7,23.98,32.69,33.61
293,28/11/2023 19:39:33,24.1,23.89,24.22,23.69,23.98,32.56,33.49
294,28/11/2023 19:39:34,24.1,23.89,24.23,23.7,23.98,32.41,33.38
295,28/11/2023 19:39:35,24.1,23.89,24.22,23.69,23.97,32.26,33.26
296,28/11/2023 19:39:36,24.1,23.89,24.23,23.69,23.97,32.11,33.15
297,28/11/2023 19:39:37,24.1,23.89,24.22,23.69,23.97,31.99,33.03
298,28/11/2023 19:39:38,24.1,23.89,24.23,23.69,23.96,31.86,32.91
299,28/11/2023 19:39:39,24.11,24.35,24.23,23.7,23.97,31.73,32.79
300,28/11/2023 19:39:40,24.15,27.15,24.27,23.71,23.96,31.59,32.68
301,28/11/2023 19:39:41,24.2,31.1,24.34,23.71,23.96,31.47,32.56
302,28/11/2023 19:39:42,24.38,33.97,24.39,23.71,23.97,31.34,32.44
303,28/11/2023 19:39:43,24.55,35.18,24.52,23.72,23.97,31.21,32.33
304,28/11/2023 19:39:44,24.83,35.8,24.82,23.71,23.96,31.1,32.22
305,28/11/2023 19:39:45,25.2,36.21,25.24,23.71,23.97,30.99,32.11
306,28/11/2023 19:39:46,25.57,36.61,25.69,23.72,23.96,30.89,32
307,28/11/2023 19:39:47,27.34,37.03,26.15,23.73,23.96,30.78,31.89
308,28/11/2023 19:39:48,30.95,37.22,26.6,23.73,23.96,30.67,31.79
309,28/11/2023 19:39:49,33.81,37.4,27.01,23.73,23.96,30.57,31.68
310,28/11/2023 19:39:50,35.43,37.53,27.39,23.73,23.95,30.47,31.57
311,28/11/2023 19:39:51,36.44,37.62,27.76,23.73,23.95,30.36,31.46
312,28/11/2023 19:39:52,37.08,37.68,28.12,23.73,23.95,30.24,31.35
313,28/11/2023 19:39:53,37.44,37.71,28.47,23.73,23.95,30.14,31.24
314,28/11/2023 19:39:54,37.63,37.73,28.8,23.74,23.96,30.04,31.13
315,28/11/2023 19:39:55,37.74,37.73,29.12,23.74,23.95,29.96,31.03
316,28/11/2023 19:39:56,37.76,37.69,29.42,23.74,23.95,29.88,30.93
317,28/11/2023 19:39:57,37.78,37.49,29.71,23.74,23.95,29.79,30.83
318,28/11/2023 19:39:58,37.8,37.44,30,23.74,23.95,29.71,30.73
319,28/11/2023 19:39:59,37.78,37.44,30.27,23.74,23.95,29.62,30.65
320,28/11/2023 19:40:00,37.75,37.45,30.54,23.73,23.95,29.52,30.55
321,28/11/2023 19:40:01,37.74,37.45,30.79,23.73,23.95,29.43,30.46
322,28/11/2023 19:40:02,37.72,37.45,31.03,23.73,23.96,29.34,30.36
323,28/11/2023 19:40:03,37.7,37.42,31.26,23.72,23.95,29.24,30.27
324,28/11/2023 19:40:04,37.69,37.4,31.47,23.73,23.95,29.15,30.17
325,28/11/2023 19:40:05,37.67,37.39,31.68,23.73,23.96,29.07,30.08
326,28/11/2023 19:40:06,37.65,37.39,31.86,23.73,23.95,28.98,29.99
327,28/11/2023 19:40:07,37.63,37.39,32.04,23.73,23.96,28.9,29.9
328,28/11/2023 19:40:08,37.62,37.38,32.21,23.73,23.96,28.82,29.8
329,28/11/2023 19:40:09,37.61,37.38,32.37,23.73,23.96,28.74,29.72
330,28/11/2023 19:40:10,37.6,37.37,32.53,23.74,23.96,28.65,29.64
331,28/11/2023 19:40:11,37.59,37.37,32.66,23.74,23.97,28.58,29.55
332,28/11/2023 19:40:12,37.58,37.35,32.79,23.73,23.97,28.51,29.47
333,28/11/2023 19:40:13,37.57,37.36,32.92,23.74,23.97,28.45,29.38
334,28/11/2023 19:40:14,37.56,37.35,33.03,23.74,23.97,28.38,29.3
335,28/11/2023 19:40:15,37.55,37.35,33.13,23.75,23.97,28.31,29.21
336,28/11/2023 19:40:16,37.54,37.35,33.22,23.75,23.97,28.23,29.13
337,28/11/2023 19:40:17,37.54,37.34,33.33,23.75,23.97,28.17,29.05
338,28/11/2023 19:40:18,37.53,37.33,33.42,23.75,23.97,28.11,28.97
339,28/11/2023 19:40:19,37.53,37.32,33.51,23.75,23.98,28.05,28.9
340,28/11/2023 19:40:20,37.52,37.32,33.58,23.75,23.98,28.01,28.81
341,28/11/2023 19:40:21,37.51,37.32,33.67,23.75,23.97,27.96,28.73
342,28/11/2023 19:40:22,37.5,37.32,33.74,23.75,23.97,27.9,28.65
343,28/11/2023 19:40:23,37.5,37.32,33.81,23.75,23.98,27.84,28.58
344,28/11/2023 19:40:24,37.49,37.31,33.87,23.76,23.98,27.77,28.51
345,28/11/2023 19:40:25,37.49,37.31,33.94,23.76,23.98,27.72,28.43
346,28/11/2023 19:40:26,37.48,37.29,33.99,23.76,23.98,27.67,28.36
347,28/11/2023 19:40:27,37.47,37.29,34.05,23.76,23.98,27.61,28.28
348,28/11/2023 19:40:28,37.47,37.29,34.1,23.76,23.98,27.55,28.22
349,28/11/2023 19:40:29,37.46,37.28,34.15,23.76,23.97,27.5,28.14
350,28/11/2023 19:40:30,37.46,37.28,34.2,23.76,23.98,27.43,28.07
351,28/11/2023 19:40:31,37.45,37.27,34.25,23.76,23.97,27.36,28.01
352,28/11/2023 19:40:32,37.45,37.27,34.29,23.76,23.97,27.3,27.94
353,28/11/2023 19:40:33,37.44,37.27,34.33,23.76,23.97,27.25,27.87
354,28/11/2023 19:40:34,37.44,37.26,34.37,23.76,23.97,27.2,27.81
355,28/11/2023 19:40:35,37.44,37.26,34.4,23.76,23.97,27.14,27.74
356,28/11/2023 19:40:36,37.43,37.26,34.44,23.76,23.97,27.09,27.68
357,28/11/2023 19:40:37,37.42,37.25,34.48,23.76,23.97,27.02,27.61
358,28/11/2023 19:40:38,37.42,37.24,34.51,23.75,23.97,26.97,27.55
359,28/11/2023 19:40:39,37.42,37.24,34.54,23.75,23.96,26.93,27.48
360,28/11/2023 19:40:40,37.41,37.24,34.57,23.75,23.96,26.88,27.43
361,28/11/2023 19:40:41,37.41,37.23,34.6,23.75,23.96,26.83,27.37
362,28/11/2023 19:40:42,37.41,37.24,34.63,23.75,23.96,26.77,27.3
363,28/11/2023 19:40:43,37.4,37.23,34.65,23.74,23.95,26.72,27.25
364,28/11/2023 19:40:44,37.39,37.23,34.69,23.74,23.94,26.67,27.18
365,28/11/2023 19:40:45,37.39,37.23,34.71,23.74,23.95,26.62,27.12
366,28/11/2023 19:40:46,37.38,37.23,34.73,23.74,23.94,26.57,27.07
367,28/11/2023 19:40:47,37.37,37.22,34.76,23.73,23.94,26.51,27.01
368,28/11/2023 19:40:48,37.37,37.21,34.78,23.73,23.94,26.46,26.94
369,28/11/2023 19:40:49,37.37,37.21,34.8,23.72,23.94,26.41,26.9
370,28/11/2023 19:40:50,37.36,37.2,34.82,23.72,23.94,26.36,26.83
371,28/11/2023 19:40:51,37.36,37.2,34.84,23.72,23.94,26.31,26.77
372,28/11/2023 19:40:52,37.35,37.2,34.85,23.72,23.94,26.26,26.72
373,28/11/2023 19:40:53,37.35,37.19,34.86,23.72,23.94,26.23,26.66
374,28/11/2023 19:40:54,37.35,37.18,34.87,23.72,23.94,26.2,26.61
375,28/11/2023 19:40:55,37.34,37.18,34.88,23.72,23.94,26.17,26.56
376,28/11/2023 19:40:56,37.34,37.18,34.89,23.72,23.94,26.13,26.51
377,28/11/2023 19:40:57,37.33,37.18,34.9,23.72,23.94,26.1,26.46
378,28/11/2023 19:40:58,37.33,37.18,34.92,23.72,23.95,26.07,26.41
379,28/11/2023 19:40:59,37.32,37.18,34.93,23.73,23.95,26.04,26.35
380,28/11/2023 19:41:00,37.32,37.17,34.94,23.72,23.95,26.01,26.3
381,28/11/2023 19:41:01,37.32,37.16,34.95,23.72,23.95,25.99,26.25
382,28/11/2023 19:41:02,37.32,37.16,34.96,23.72,23.95,25.96,26.21
383,28/11/2023 19:41:03,37.31,37.16,34.98,23.72,23.95,25.93,26.15
384,28/11/2023 19:41:04,37.3,37.16,34.99,23.72,23.94,25.9,26.11
385,28/11/2023 19:41:05,37.3,37.15,35,23.72,23.94,25.86,26.06
386,28/11/2023 19:41:06,37.3,37.14,35.01,23.72,23.93,25.84,26.02
387,28/11/2023 19:41:07,37.29,37.14,35.02,23.72,23.94,25.81,25.97
388,28/11/2023 19:41:08,37.29,37.13,35.03,23.72,23.93,25.78,25.92
389,28/11/2023 19:41:09,37.28,37.13,35.04,23.72,23.93,25.73,25.88
390,28/11/2023 19:41:10,37.28,37.13,35.05,23.72,23.93,25.7,25.84
391,28/11/2023 19:41:11,37.28,37.13,35.06,23.72,23.93,25.67,25.78
392,28/11/2023 19:41:12,37.27,37.12,35.07,23.72,23.94,25.64,25.74
393,28/11/2023 19:41:13,37.27,37.12,35.08,23.72,23.93,25.6,25.7
394,28/11/2023 19:41:14,37.26,37.12,35.08,23.71,23.93,25.56,25.66
395,28/11/2023 19:41:15,37.26,37.11,35.08,23.71,23.92,25.52,25.62
396,28/11/2023 19:41:16,37.26,37.11,35.09,23.71,23.92,25.49,25.58
397,28/11/2023 19:41:17,37.25,37.1,35.09,23.71,23.92,25.46,25.54
398,28/11/2023 19:41:18,37.24,37.1,35.1,23.71,23.93,25.44,25.49
399,28/11/2023 19:41:19,37.25,37.1,35.09,23.71,23.92,25.41,25.45
400,28/11/2023 19:41:20,37.24,37.09,35.09,23.71,23.92,25.38,25.41
401,28/11/2023 19:41:21,37.24,37.09,35.09,23.7,23.93,25.35,25.38
402,28/11/2023 19:41:22,37.23,37.08,35.1,23.7,23.93,25.32,25.33
403,28/11/2023 19:41:23,37.22,37.08,35.1,23.7,23.93,25.29,25.29
404,28/11/2023 19:41:24,37.22,37.07,35.1,23.7,23.93,25.26,25.26
405,28/11/2023 19:41:25,37.22,37.07,35.1,23.7,23.93,25.24,25.22
406,28/11/2023 19:41:26,37.22,37.07,35.1,23.7,23.93,25.23,25.18
407,28/11/2023 19:41:27,37.21,37.06,35.1,23.7,23.93,25.21,25.15
408,28/11/2023 19:41:28,37.21,37.06,35.1,23.7,23.93,25.19,25.11
409,28/11/2023 19:41:29,37.21,37.05,35.1,23.69,23.94,25.17,25.07
410,28/11/2023 19:41:30,37.2,37.05,35.1,23.7,23.94,25.14,25.03
411,28/11/2023 19:41:31,37.2,37.05,35.1,23.69,23.94,25.1,25
412,28/11/2023 19:41:32,37.19,37.05,35.1,23.69,23.93,25.07,24.97
413,28/11/2023 19:41:33,37.19,37.04,35.09,23.68,23.94,25.03,24.93
414,28/11/2023 19:41:34,37.19,37.04,35.09,23.68,23.94,25,24.89
415,28/11/2023 19:41:35,37.18,37.03,35.09,23.69,23.93,24.97,24.86
416,28/11/2023 19:41:36,37.17,37.03,35.09,23.68,23.93,24.95,24.83
417,28/11/2023 19:41:37,37.15,37.03,35.08,23.68,23.93,24.91,24.8
418,28/11/2023 19:41:38,37.11,37.03,35.08,23.68,23.93,24.89,24.77
419,28/11/2023 19:41:39,37.06,37.02,35.08,23.68,23.93,24.86,24.74
420,28/11/2023 19:41:40,37.01,37.02,35.08,23.68,23.93,24.83,24.7
421,28/11/2023 19:41:41,36.94,37.02,35.09,23.68,23.93,24.81,24.67
422,28/11/2023 19:41:42,36.86,37.01,35.09,23.67,23.93,24.8,24.64
423,28/11/2023 19:41:43,36.79,37,35.09,23.68,23.94,24.78,24.61
424,28/11/2023 19:41:44,36.75,37,35.1,23.67,23.94,24.76,24.57
425,28/11/2023 19:41:45,36.7,36.99,35.1,23.67,23.94,24.74,24.54
426,28/11/2023 19:41:46,36.66,36.99,35.1,23.67,23.94,24.72,24.52
427,28/11/2023 19:41:47,36.62,36.99,35.1,23.67,23.94,24.7,24.48
428,28/11/2023 19:41:48,36.59,36.99,35.09,23.66,23.95,24.69,24.45
429,28/11/2023 19:41:49,36.56,36.98,35.09,23.67,23.95,24.67,24.43
430,28/11/2023 19:41:50,36.53,36.97,35.09,23.67,23.96,24.67,24.4
431,28/11/2023 19:41:51,36.51,36.97,35.09,23.67,23.96,24.65,24.37
432,28/11/2023 19:41:52,36.49,36.97,35.09,23.68,23.97,24.63,24.34
433,28/11/2023 19:41:53,36.47,36.97,35.09,23.68,23.97,24.61,24.32
434,28/11/2023 19:41:54,36.45,36.96,35.09,23.68,23.97,24.58,24.29
435,28/11/2023 19:41:55,36.43,36.97,35.08,23.68,23.97,24.57,24.26
436,28/11/2023 19:41:56,36.42,36.96,35.07,23.7,23.98,24.55,24.23
437,28/11/2023 19:41:57,36.41,36.96,35.06,23.69,23.98,24.53,24.21
438,28/11/2023 19:41:58,36.4,36.96,35.06,23.7,23.98,24.52,24.18
439,28/11/2023 19:41:59,36.39,36.96,35.05,23.72,23.98,24.5,24.15
440,28/11/2023 19:42:00,36.37,36.95,35.03,23.71,23.98,24.48,24.12
441,28/11/2023 19:42:01,36.34,36.94,35.03,23.72,23.98,24.46,24.1
442,28/11/2023 19:42:02,36.32,36.93,35.01,23.73,23.98,24.44,24.08
443,28/11/2023 19:42:03,36.3,36.91,35,23.74,23.98,24.42,24.05
444,28/11/2023 19:42:04,36.27,36.88,34.98,23.74,23.99,24.4,24.03
445,28/11/2023 19:42:05,36.24,36.86,34.97,23.74,23.97,24.38,24
446,28/11/2023 19:42:06,36.21,36.85,34.95,23.73,23.98,24.36,23.98
447,28/11/2023 19:42:07,36.18,36.83,34.93,23.74,23.98,24.35,23.95
448,28/11/2023 19:42:08,36.14,36.82,34.92,23.73,23.98,24.33,23.93
449,28/11/2023 19:42:09,36.09,36.94,34.91,23.73,23.98,24.31,23.91
450,28/11/2023 19:42:10,36.05,36.93,34.9,23.73,23.98,24.29,23.88
451,28/11/2023 19:42:11,36,36.91,34.89,23.72,23.97,24.28,23.86
452,28/11/2023 19:42:12,35.96,36.9,34.87,23.72,23.97,24.27,23.84
453,28/11/2023 19:42:13,35.92,36.88,34.86,23.72,23.97,24.25,23.81
454,28/11/2023 19:42:14,35.87,36.84,34.84,23.72,23.95,24.23,23.8
455,28/11/2023 19:42:15,35.83,36.8,34.82,23.71,23.95,24.21,23.78
456,28/11/2023 19:42:16,35.8,36.77,34.8,23.71,23.95,24.2,23.75
457,28/11/2023 19:42:17,35.78,36.74,34.78,23.71,23.95,24.18,23.73
458,28/11/2023 19:42:18,35.77,36.7,34.77,23.71,23.95,24.17,23.71
459,28/11/2023 19:42:19,35.76,36.65,34.75,23.71,23.94,24.15,23.69
460,28/11/2023 19:42:20,35.75,36.6,34.73,23.71,23.95,24.13,23.67
461,28/11/2023 19:42:21,35.74,36.56,34.71,23.7,23.94,24.11,23.65
462,28/11/2023 19:42:22,35.73,36.51,34.69,23.7,23.94,24.1,23.63
463,28/11/2023 19:42:23,35.72,36.47,34.67,23.71,23.94,24.08,23.61
464,28/11/2023 19:42:24,35.71,36.42,34.66,23.71,23.94,24.07,23.59
465,28/11/2023 19:42:25,35.7,36.39,34.65,23.7,23.94,24.05,23.57
466,28/11/2023 19:42:26,35.69,36.34,34.63,23.7,23.93,24.03,23.55
467,28/11/2023 19:42:27,35.67,36.31,34.61,23.7,23.93,24.03,23.54
468,28/11/2023 19:42:28,35.66,36.27,34.61,23.69,23.93,24.01,23.51
469,28/11/2023 19:42:29,35.64,36.23,34.59,23.69,23.92,24,23.5
470,28/11/2023 19:42:30,35.62,36.2,34.57,23.69,23.92,23.99,23.49
471,28/11/2023 19:42:31,35.61,36.17,34.55,23.68,23.92,23.97,23.46
472,28/11/2023 19:42:32,35.6,36.14,34.53,23.68,23.92,23.95,23.44
473,28/11/2023 19:42:33,35.56,35.97,34.51,23.69,23.91,23.93,23.43
474,28/11/2023 19:42:34,35.41,33.86,34.43,23.69,23.91,23.92,23.41
475,28/11/2023 19:42:35,35.14,30.15,34.32,23.69,23.91,23.92,23.39
476,28/11/2023 19:42:36,34.85,27.89,34.22,23.69,23.9,23.91,23.38
477,28/11/2023 19:42:37,34.6,26.57,34.09,23.69,23.9,23.9,23.36
478,28/11/2023 19:42:38,34.36,25.75,33.89,23.69,23.89,23.89,23.35
479,28/11/2023 19:42:39,34.1,25.2,33.59,23.69,23.9,23.88,23.33
480,28/11/2023 19:42:40,33.85,24.87,33.24,23.69,23.89,23.86,23.31
481,28/11/2023 19:42:41,33.63,24.67,32.88,23.69,23.89,23.86,23.3
482,28/11/2023 19:42:42,33.35,24.49,32.5,23.69,23.89,23.84,23.28
483,28/11/2023 19:42:43,30.47,24.33,32.11,23.7,23.9,23.84,23.26
484,28/11/2023 19:42:44,27.71,24.23,31.73,23.7,23.9,23.82,23.25
485,28/11/2023 19:42:45,26.18,24.18,31.37,23.7,23.9,23.81,23.23
486,28/11/2023 19:42:46,25.37,24.19,31.04,23.7,23.89,23.8,23.22
487,28/11/2023 19:42:47,24.92,24.19,30.71,23.7,23.89,23.79,23.21
488,28/11/2023 19:42:48,24.59,24.22,30.4,23.69,23.9,23.77,23.19
489,28/11/2023 19:42:49,24.36,24.17,30.09,23.69,23.89,23.76,23.17
490,28/11/2023 19:42:50,24.21,24.14,29.81,23.69,23.89,23.75,23.15
491,28/11/2023 19:42:51,24.12,24.12,29.55,23.68,23.89,23.73,23.14
492,28/11/2023 19:42:52,24.1,24.16,29.29,23.68,23.89,23.72,23.12
493,28/11/2023 19:42:53,24.1,24.19,29.05,23.68,23.9,23.71,23.11
494,28/11/2023 19:42:54,24.07,24.2,28.82,23.68,23.9,23.7,23.1
495,28/11/2023 19:42:55,24.07,24.2,28.59,23.67,23.9,23.68,23.08
496,28/11/2023 19:42:56,24.05,24.19,28.39,23.68,23.9,23.67,23.07
497,28/11/2023 19:42:57,24.07,24.18,28.2,23.67,23.91,23.66,23.05
498,28/11/2023 19:42:58,24.08,24.16,28.01,23.67,23.9,23.65,23.04
499,28/11/2023 19:42:59,24.1,24.18,27.84,23.67,23.9,23.63,23.02
500,28/11/2023 19:43:00,24.13,24.17,27.67,23.68,23.9,23.62,23.01
501,28/11/2023 19:43:01,24.15,24.16,27.52,23.68,23.9,23.61,23
502,28/11/2023 19:43:02,24.16,24.17,27.37,23.68,23.9,23.59,22.98
503,28/11/2023 19:43:03,24.17,24.17,27.24,23.67,23.9,23.59,22.98
504,28/11/2023 19:43:04,24.17,24.17,27.11,23.67,23.9,23.58,22.95
505,28/11/2023 19:43:05,24.17,24.19,26.98,23.68,23.89,23.57,22.94
506,28/11/2023 19:43:06,24.17,24.19,26.87,23.68,23.9,23.56,22.93
507,28/11/2023 19:43:07,24.17,24.2,26.76,23.67,23.9,23.55,22.92
508,28/11/2023 19:43:08,24.18,24.2,26.65,23.67,23.9,23.54,22.9
509,28/11/2023 19:43:09,24.19,24.2,26.55,23.67,23.9,23.52,22.89
510,28/11/2023 19:43:10,24.18,24.21,26.46,23.67,23.9,23.52,22.88
511,28/11/2023 19:43:11,24.19,24.22,26.37,23.67,23.9,23.51,22.86
512,28/11/2023 19:43:12,24.2,24.22,26.28,23.67,23.9,23.51,22.85
513,28/11/2023 19:43:13,24.21,24.21,26.2,23.68,23.9,23.51,22.84
514,28/11/2023 19:43:14,24.21,24.22,26.12,23.67,23.9,23.5,22.82
515,28/11/2023 19:43:15,24.24,24.22,26.05,23.67,23.9,23.5,22.81
516,28/11/2023 19:43:16,24.24,24.2,25.98,23.67,23.9,23.5,22.8
517,28/11/2023 19:43:17,24.24,24.2,25.91,23.67,23.91,23.49,22.79
518,28/11/2023 19:43:18,24.23,24.2,25.84,23.68,23.9,23.49,22.77
519,28/11/2023 19:43:19,24.23,24.2,25.79,23.68,23.9,23.48,22.76
520,28/11/2023 19:43:20,24.25,24.2,25.73,23.68,23.9,23.47,22.75
521,28/11/2023 19:43:21,24.25,24.2,25.67,23.67,23.9,23.45,22.73
522,28/11/2023 19:43:22,24.25,24.21,25.63,23.68,23.9,23.44,22.73
523,28/11/2023 19:43:23,24.26,24.2,25.57,23.67,23.91,23.44,22.71
524,28/11/2023 19:43:24,24.27,24.2,25.53,23.68,23.91,23.43,22.7
525,28/11/2023 19:43:25,24.29,24.2,25.48,23.68,23.91,23.42,22.69
526,28/11/2023 19:43:26,24.29,24.19,25.44,23.69,23.91,23.41,22.68
527,28/11/2023 19:43:27,24.3,24.19,25.4,23.69,23.92,23.4,22.67
528,28/11/2023 19:43:28,24.3,24.19,25.36,23.69,23.92,23.4,22.66
529,28/11/2023 19:43:29,24.29,24.19,25.32,23.7,23.92,23.39,22.65
530,28/11/2023 19:43:30,24.28,24.19,25.28,23.7,23.92,23.38,22.63
531,28/11/2023 19:43:31,24.27,24.18,25.24,23.7,23.93,23.38,22.62
532,28/11/2023 19:43:32,24.26,24.17,25.21,23.7,23.93,23.37,22.62
533,28/11/2023 19:43:33,24.26,24.17,25.17,23.71,23.93,23.36,22.6
534,28/11/2023 19:43:34,24.26,24.18,25.15,23.7,23.94,23.36,22.59
535,28/11/2023 19:43:35,24.26,24.18,25.11,23.7,23.94,23.35,22.58
536,28/11/2023 19:43:36,24.26,24.18,25.08,23.7,23.95,23.34,22.57
537,28/11/2023 19:43:37,24.26,24.18,25.05,23.7,23.95,23.33,22.56
538,28/11/2023 19:43:38,24.26,24.18,25.02,23.71,23.95,23.33,22.55
539,28/11/2023 19:43:39,24.26,24.19,25,23.71,23.95,23.33,22.53
540,28/11/2023 19:43:40,24.27,24.19,24.97,23.71,23.94,23.32,22.53
541,28/11/2023 19:43:41,24.28,24.19,24.94,23.71,23.94,23.31,22.52
542,28/11/2023 19:43:42,24.28,24.19,24.91,23.71,23.95,23.32,22.51
543,28/11/2023 19:43:43,24.28,24.19,24.89,23.71,23.95,23.3,22.49
544,28/11/2023 19:43:44,24.29,24.19,24.87,23.71,23.95,23.3,22.48
545,28/11/2023 19:43:45,24.29,24.19,24.85,23.72,23.94,23.3,22.48
546,28/11/2023 19:43:46,24.3,24.19,24.83,23.71,23.94,23.29,22.46
547,28/11/2023 19:43:47,24.3,24.2,24.81,23.72,23.94,23.29,22.45
548,28/11/2023 19:43:48,24.3,24.2,24.78,23.72,23.93,23.29,22.44
549,28/11/2023 19:43:49,24.3,24.21,24.77,23.73,23.94,23.28,22.44
550,28/11/2023 19:43:50,24.3,24.21,24.75,23.73,23.94,23.28,22.43
551,28/11/2023 19:43:51,24.31,24.21,24.73,23.72,23.94,23.28,22.41
552,28/11/2023 19:43:52,24.31,24.21,24.71,23.72,23.93,23.28,22.4
553,28/11/2023 19:43:53,24.31,24.21,24.7,23.72,23.93,23.27,22.39
554,28/11/2023 19:43:54,24.3,24.22,24.69,23.72,23.93,23.26,22.39
555,28/11/2023 19:43:55,24.3,24.22,24.66,23.73,23.93,23.26,22.38
556,28/11/2023 19:43:56,24.31,24.22,24.65,23.72,23.93,23.27,22.37
557,28/11/2023 19:43:57,24.31,24.22,24.64,23.72,23.93,23.27,22.36
558,28/11/2023 19:43:58,24.31,24.22,24.63,23.72,23.94,23.26,22.35
559,28/11/2023 19:43:59,24.31,24.22,24.61,23.72,23.93,23.27,22.34
560,28/11/2023 19:44:00,24.31,24.22,24.6,23.73,23.94,23.26,22.33
561,28/11/2023 19:44:01,24.32,24.22,24.58,23.73,23.93,23.27,22.32
562,28/11/2023 19:44:02,24.31,24.23,24.58,23.73,23.94,23.27,22.32
563,28/11/2023 19:44:03,24.32,24.23,24.56,23.73,23.94,23.27,22.3
564,28/11/2023 19:44:04,24.32,24.23,24.55,23.73,23.94,23.28,22.3
565,28/11/2023 19:44:05,24.32,24.23,24.55,23.74,23.93,23.28,22.29
566,28/11/2023 19:44:06,24.32,24.22,24.53,23.74,23.94,23.28,22.28
567,28/11/2023 19:44:07,24.32,24.22,24.51,23.74,23.94,23.29,22.27
568,28/11/2023 19:44:08,24.32,24.21,24.5,23.74,23.94,23.3,22.27
569,28/11/2023 19:44:09,24.32,24.21,24.5,23.75,23.94,23.31,22.25
570,28/11/2023 19:44:10,24.32,24.21,24.48,23.75,23.95,23.33,22.25
571,28/11/2023 19:44:11,24.32,24.2,24.48,23.75,23.95,23.34,22.24
572,28/11/2023 19:44:12,24.32,24.19,24.46,23.76,23.95,23.35,22.23
573,28/11/2023 19:44:13,24.31,24.19,24.46,23.76,23.95,23.36,22.22
574,28/11/2023 19:44:14,24.31,24.19,24.45,23.75,23.94,23.37,22.21
575,28/11/2023 19:44:15,24.31,24.18,24.44,23.75,23.94,23.38,22.2
576,28/11/2023 19:44:16,24.31,24.18,24.43,23.75,23.93,23.39,22.2
577,28/11/2023 19:44:17,24.31,24.18,24.42,23.75,23.94,23.4,22.19
578,28/11/2023 19:44:18,24.31,24.18,24.42,23.74,23.93,23.41,22.18
579,28/11/2023 19:44:19,24.31,24.18,24.41,23.74,23.92,23.41,22.17
580,28/11/2023 19:44:20,24.32,24.18,24.4,23.74,23.92,23.42,22.16
581,28/11/2023 19:44:21,24.31,24.18,24.39,23.74,23.92,23.42,22.16
582,28/11/2023 19:44:22,24.32,24.18,24.39,23.73,23.92,23.43,22.15
583,28/11/2023 19:44:23,24.32,24.18,24.38,23.73,23.92,23.44,22.14
584,28/11/2023 19:44:24,24.32,24.19,24.38,23.73,23.92,23.44,22.13
585,28/11/2023 19:44:25,24.32,24.19,24.37,23.73,23.91,23.44,22.13
586,28/11/2023 19:44:26,24.32,24.19,24.36,23.73,23.91,23.45,22.12
587,28/11/2023 19:44:27,24.32,24.19,24.36,23.73,23.9,23.45,22.11
588,28/11/2023 19:44:28,24.32,24.2,24.35,23.72,23.91,23.45,22.11
589,28/11/2023 19:44:29,24.32,24.2,24.35,23.72,23.9,23.46,22.1
590,28/11/2023 19:44:30,24.31,24.2,24.33,23.72,23.9,23.46,22.09
591,28/11/2023 19:44:31,24.32,24.2,24.33,23.72,23.9,23.46,22.08
592,28/11/2023 19:44:32,24.32,24.21,24.33,23.72,23.9,23.46,22.07
593,28/11/2023 19:44:33,24.33,24.2,24.32,23.71,23.9,23.47,22.07
594,28/11/2023 19:44:34,24.33,24.21,24.32,23.71,23.9,23.47,22.06
595,28/11/2023 19:44:35,24.32,24.21,24.31,23.71,23.9,23.46,22.05
596,28/11/2023 19:44:36,24.33,24.21,24.31,23.71,23.91,23.47,22.04
597,28/11/2023 19:44:37,24.33,24.21,24.31,23.71,23.91,23.47,22.03
598,28/11/2023 19:44:38,24.33,24.2,24.3,23.71,23.91,23.47,22.03
599,28/11/2023 19:44:39,24.33,24.21,24.3,23.71,23.91,23.47,22.03
600,28/11/2023 19:44:40,24.33,24.21,24.29,23.71,23.91,23.47,22.01
601,28/11/2023 19:44:41,24.33,24.21,24.29,23.71,23.91,23.48,22.02
602,28/11/2023 19:44:42,24.34,24.22,24.29,23.71,23.91,23.47,22
603,28/11/2023 19:44:43,24.33,24.21,24.28,23.71,23.92,23.48,22
604,28/11/2023 19:44:44,24.33,24.22,24.28,23.71,23.92,23.48,21.99
605,28/11/2023 19:44:45,24.33,24.21,24.28,23.71,23.92,23.48,21.98
606,28/11/2023 19:44:46,24.33,24.22,24.28,23.71,23.93,23.48,21.98
607,28/11/2023 19:44:47,24.34,24.22,24.27,23.71,23.92,23.49,21.97
608,28/11/2023 19:44:48,24.34,24.22,24.27,23.71,23.93,23.48,21.96
609,28/11/2023 19:44:49,24.34,24.22,24.27,23.71,23.93,23.49,21.96
610,28/11/2023 19:44:50,24.34,24.23,24.26,23.71,23.93,23.48,21.95
611,28/11/2023 19:44:51,24.34,24.23,24.26,23.71,23.93,23.48,21.94
612,28/11/2023 19:44:52,24.34,24.22,24.26,23.71,23.93,23.48,21.93
613,28/11/2023 19:44:53,24.34,24.22,24.26,23.71,23.93,23.48,21.93
614,28/11/2023 19:44:54,24.34,24.23,24.26,23.7,23.93,23.48,21.92
615,28/11/2023 19:44:55,24.34,24.23,24.25,23.71,23.94,23.48,21.92
616,28/11/2023 19:44:56,24.34,24.23,24.25,23.71,23.93,23.48,21.91
617,28/11/2023 19:44:57,24.35,24.22,24.25,23.71,23.93,23.47,21.91
618,28/11/2023 19:44:58,24.34,24.23,24.25,23.71,23.94,23.48,21.9
619,28/11/2023 19:44:59,24.35,24.22,24.25,23.71,23.94,23.48,21.9
620,28/11/2023 19:45:00,24.34,24.23,24.25,23.71,23.94,23.48,21.89
621,28/11/2023 19:45:01,24.34,24.22,24.25,23.72,23.94,23.48,21.88
622,28/11/2023 19:45:02,24.35,24.23,24.24,23.72,23.94,23.48,21.88
623,28/11/2023 19:45:03,24.35,24.23,24.24,23.72,23.94,23.47,21.87
624,28/11/2023 19:45:04,24.35,24.22,24.24,23.72,23.94,23.48,21.86
625,28/11/2023 19:45:05,24.35,24.22,24.24,23.72,23.94,23.47,21.85
626,28/11/2023 19:45:06,24.35,24.22,24.24,23.71,23.94,23.47,21.85
627,28/11/2023 19:45:07,24.35,24.22,24.24,23.71,23.94,23.47,21.84
628,28/11/2023 19:45:08,24.35,24.22,24.24,23.7,23.94,23.47,21.84
629,28/11/2023 19:45:09,24.35,24.22,24.24,23.71,23.94,23.47,21.84
630,28/11/2023 19:45:10,24.35,24.22,24.23,23.7,23.94,23.47,21.83
631,28/11/2023 19:45:11,24.35,24.22,24.23,23.7,23.94,23.47,21.82
632,28/11/2023 19:45:12,24.35,24.22,24.23,23.7,23.93,23.46,21.82
633,28/11/2023 19:45:13,24.35,24.22,24.23,23.7,23.94,23.46,21.81
634,28/11/2023 19:45:14,24.35,24.22,24.23,23.69,23.93,23.46,21.81
635,28/11/2023 19:45:15,24.35,24.22,24.23,23.7,23.93,23.46,21.8
636,28/11/2023 19:45:16,24.35,24.22,24.23,23.69,23.93,23.46,21.79
637,28/11/2023 19:45:17,24.35,24.22,24.23,23.7,23.93,23.46,21.79
638,28/11/2023 19:45:18,24.35,24.22,24.23,23.69,23.93,23.46,21.78
639,28/11/2023 19:45:19,24.35,24.22,24.23,23.69,23.93,23.46,21.78
640,28/11/2023 19:45:20,24.35,24.22,24.23,23.69,23.93,23.46,21.77
641,28/11/2023 19:45:21,24.35,24.22,24.23,23.69,23.93,23.46,21.76
642,28/11/2023 19:45:22,24.35,24.21,24.23,23.69,23.93,23.46,21.76
643,28/11/2023 19:45:23,24.35,24.22,24.22,23.69,23.93,23.46,21.76
644,28/11/2023 19:45:24,24.35,24.21,24.23,23.69,23.93,23.45,21.75
645,28/11/2023 19:45:25,24.36,24.22,24.23,23.69,23.92,23.45,21.75
646,28/11/2023 19:45:26,24.36,24.22,24.22,23.69,23.92,23.45,21.74
647,28/11/2023 19:45:27,24.35,24.22,24.22,23.68,23.91,23.44,21.74
648,28/11/2023 19:45:28,24.36,24.22,24.23,23.68,23.91,23.45,21.74
649,28/11/2023 19:45:29,24.36,24.22,24.22,23.67,23.9,23.45,21.73
650,28/11/2023 19:45:30,24.36,24.21,24.22,23.67,23.9,23.44,21.72
651,28/11/2023 19:45:31,24.36,24.22,24.22,23.67,23.89,23.45,21.72
652,28/11/2023 19:45:32,24.36,24.22,24.22,23.66,23.89,23.45,21.72
653,28/11/2023 19:45:33,24.36,24.22,24.22,23.66,23.89,23.44,21.71
654,28/11/2023 19:45:34,24.36,24.22,24.22,23.66,23.89,23.45,21.7
655,28/11/2023 19:45:35,24.36,24.22,24.22,23.65,23.88,23.44,21.7
656,28/11/2023 19:45:36,24.36,24.22,24.22,23.66,23.88,23.44,21.69
657,28/11/2023 19:45:37,24.36,24.22,24.22,23.65,23.89,23.44,21.69
658,28/11/2023 19:45:38,24.36,24.22,24.22,23.65,23.89,23.44,21.69
659,28/11/2023 19:45:39,24.37,24.23,24.22,23.65,23.9,23.44,21.68
660,28/11/2023 19:45:40,24.37,24.22,24.22,23.65,23.9,23.44,21.68
661,28/11/2023 19:45:41,24.37,24.22,24.22,23.64,23.91,23.44,21.67
662,28/11/2023 19:45:42,24.37,24.22,24.22,23.65,23.91,23.44,21.67
663,28/11/2023 19:45:43,24.37,24.22,24.22,23.65,23.91,23.44,21.67
664,28/11/2023 19:45:44,24.37,24.22,24.22,23.65,23.91,23.43,21.66
665,28/11/2023 19:45:45,24.37,24.22,24.21,23.65,23.92,23.44,21.66
666,28/11/2023 19:45:46,24.37,24.21,24.21,23.65,23.92,23.43,21.65
667,28/11/2023 19:45:47,24.37,24.23,24.22,23.65,23.92,23.43,21.65
668,28/11/2023 19:45:48,24.37,24.22,24.22,23.65,23.92,23.43,21.65
669,28/11/2023 19:45:49,24.37,24.22,24.22,23.65,23.92,23.43,21.64
670,28/11/2023 19:45:50,24.37,24.22,24.21,23.65,23.92,23.43,21.65
671,28/11/2023 19:45:51,24.37,24.22,24.21,23.65,23.91,23.43,21.63
672,28/11/2023 19:45:52,24.38,24.22,24.21,23.65,23.91,23.43,21.63
673,28/11/2023 19:45:53,24.37,24.22,24.22,23.65,23.91,23.43,21.62
674,28/11/2023 19:45:54,24.37,24.22,24.21,23.65,23.91,23.42,21.62
675,28/11/2023 19:45:55,24.38,24.22,24.22,23.65,23.91,23.42,21.62
676,28/11/2023 19:45:56,24.38,24.22,24.22,23.65,23.91,23.42,21.61
677,28/11/2023 19:45:57,24.37,24.22,24.22,23.64,23.91,23.43,21.61
678,28/11/2023 19:45:58,24.38,24.22,24.21,23.65,23.91,23.42,21.61
679,28/11/2023 19:45:59,24.38,24.22,24.22,23.65,23.91,23.42,21.6
680,28/11/2023 19:46:00,24.38,24.22,24.22,23.65,23.91,23.42,21.6
681,28/11/2023 19:46:01,24.38,24.22,24.22,23.66,23.91,23.42,21.59
682,28/11/2023 19:46:02,24.38,24.22,24.21,23.66,23.91,23.42,21.59
683,28/11/2023 19:46:03,24.38,24.22,24.22,23.66,23.91,23.42,21.59
684,28/11/2023 19:46:04,24.38,24.22,24.21,23.67,23.92,23.41,21.59
685,28/11/2023 19:46:05,24.38,24.22,24.21,23.67,23.92,23.42,21.59
686,28/11/2023 19:46:06,24.38,24.22,24.21,23.67,23.92,23.41,21.58
687,28/11/2023 19:46:07,24.39,24.22,24.21,23.68,23.92,23.41,21.58
688,28/11/2023 19:46:08,24.39,24.22,24.21,23.67,23.93,23.41,21.58
689,28/11/2023 19:46:09,24.39,24.22,24.21,23.68,23.93,23.41,21.57
690,28/11/2023 19:46:10,24.38,24.22,24.21,23.68,23.93,23.41,21.57
691,28/11/2023 19:46:11,24.39,24.22,24.21,23.68,23.93,23.4,21.57
692,28/11/2023 19:46:12,24.39,24.22,24.21,23.68,23.93,23.4,21.57
693,28/11/2023 19:46:13,24.39,24.22,24.21,23.69,23.94,23.4,21.56
694,28/11/2023 19:46:14,24.39,24.22,24.21,23.69,23.94,23.4,21.56
695,28/11/2023 19:46:15,24.4,24.22,24.21,23.7,23.93,23.4,21.56
696,28/11/2023 19:46:16,24.39,24.22,24.21,23.7,23.94,23.4,21.56
697,28/11/2023 19:46:17,24.4,24.22,24.21,23.7,23.93,23.4,21.56
698,28/11/2023 19:46:18,24.4,24.22,24.22,23.71,23.93,23.4,21.55
699,28/11/2023 19:46:19,24.4,24.22,24.22,23.7,23.94,23.39,21.56
700,28/11/2023 19:46:20,24.4,24.22,24.22,23.7,23.93,23.39,21.55
701,28/11/2023 19:46:21,24.4,24.22,24.22,23.7,23.94,23.39,21.55
702,28/11/2023 19:46:22,24.4,24.22,24.22,23.7,23.94,23.39,21.55
703,28/11/2023 19:46:23,24.4,24.22,24.22,23.7,23.94,23.39,21.55
704,28/11/2023 19:46:24,24.4,24.23,24.23,23.71,23.94,23.39,21.54
705,28/11/2023 19:46:25,24.4,24.22,24.22,23.71,23.94,23.38,21.54
706,28/11/2023 19:46:26,24.4,24.22,24.22,23.71,23.95,23.39,21.54
707,28/11/2023 19:46:27,24.4,24.22,24.23,23.72,23.95,23.39,21.53
708,28/11/2023 19:46:28,24.4,24.22,24.22,23.72,23.95,23.4,21.54
709,28/11/2023 19:46:29,24.4,24.22,24.23,23.72,23.95,23.4,21.54
710,28/11/2023 19:46:30,24.4,24.22,24.23,23.72,23.95,23.4,21.53
711,28/11/2023 19:46:31,24.4,24.21,24.23,23.72,23.95,23.39,21.53
712,28/11/2023 19:46:32,24.41,24.22,24.23,23.72,23.94,23.39,21.53
713,28/11/2023 19:46:33,24.4,24.22,24.23,23.72,23.95,23.39,21.53
714,28/11/2023 19:46:34,24.41,24.22,24.23,23.73,23.95,23.39,21.52
715,28/11/2023 19:46:35,24.41,24.22,24.24,23.73,23.94,23.39,21.53
716,28/11/2023 19:46:36,24.41,24.22,24.24,23.74,23.94,23.39,21.52
717,28/11/2023 19:46:37,24.4,24.22,24.24,23.73,23.93,23.38,21.51
718,28/11/2023 19:46:38,24.41,24.22,24.24,23.73,23.93,23.39,21.52
719,28/11/2023 19:46:39,24.41,24.22,24.24,23.73,23.93,23.38,21.52
720,28/11/2023 19:46:40,24.41,24.22,24.24,23.73,23.94,23.37,21.52
721,28/11/2023 19:46:41,24.41,24.22,24.24,23.73,23.93,23.38,21.52
722,28/11/2023 19:46:42,24.43,24.22,24.24,23.73,23.94,23.37,21.52
723,28/11/2023 19:46:43,24.43,24.21,24.24,23.73,23.93,23.38,21.52
724,28/11/2023 19:46:44,24.42,24.2,24.25,23.72,23.93,23.38,21.52
725,28/11/2023 19:46:45,24.37,24.21,24.25,23.73,23.93,23.37,21.52
726,28/11/2023 19:46:46,24.35,24.21,24.25,23.72,23.93,23.38,21.52
727,28/11/2023 19:46:47,24.33,24.22,24.26,23.73,23.93,23.38,21.52
728,28/11/2023 19:46:48,24.31,24.24,24.26,23.72,23.93,23.38,21.52
729,28/11/2023 19:46:49,24.3,24.25,24.26,23.72,23.92,23.38,21.52
730,28/11/2023 19:46:50,24.28,24.27,24.27,23.72,23.92,23.39,21.52
731,28/11/2023 19:46:51,24.28,24.28,24.27,23.73,23.92,23.4,21.53
732,28/11/2023 19:46:52,24.27,24.28,24.27,23.73,23.92,23.4,21.53
733,28/11/2023 19:46:53,24.28,24.29,24.28,23.73,23.91,23.41,21.52
734,28/11/2023 19:46:54,24.28,24.33,24.28,23.73,23.91,23.41,21.52
735,28/11/2023 19:46:55,24.28,24.34,24.28,23.73,23.91,23.42,21.52
736,28/11/2023 19:46:56,24.29,24.36,24.29,23.74,23.91,23.41,21.53
737,28/11/2023 19:46:57,24.31,24.39,24.29,23.74,23.91,23.42,21.53
738,28/11/2023 19:46:58,24.31,24.43,24.3,23.74,23.91,23.42,21.53
739,28/11/2023 19:46:59,24.33,24.48,24.3,23.75,23.91,23.42,21.52
740,28/11/2023 19:47:00,24.35,24.53,24.3,23.75,23.92,23.42,21.53
741,28/11/2023 19:47:01,24.37,24.57,24.31,23.75,23.92,23.42,21.52
742,28/11/2023 19:47:02,24.4,24.59,24.32,23.76,23.93,23.42,21.52
743,28/11/2023 19:47:03,24.41,24.66,24.32,23.77,23.93,23.43,21.52
744,28/11/2023 19:47:04,24.45,24.7,24.32,23.77,23.94,23.43,21.52
745,28/11/2023 19:47:05,24.47,24.74,24.33,23.78,23.94,23.43,21.52
746,28/11/2023 19:47:06,24.51,24.78,24.34,23.78,23.94,23.44,21.51
747,28/11/2023 19:47:07,24.53,24.85,24.35,23.79,23.94,23.44,21.52
748,28/11/2023 19:47:08,24.56,24.95,24.36,23.8,23.95,23.43,21.52
749,28/11/2023 19:47:09,24.61,24.99,24.37,23.8,23.96,23.44,21.52
750,28/11/2023 19:47:10,24.64,25.02,24.38,23.81,23.96,23.44,21.52
751,28/11/2023 19:47:11,24.69,25.01,24.39,23.82,23.97,23.44,21.51
752,28/11/2023 19:47:12,24.76,25.08,24.41,23.83,23.97,23.44,21.52
753,28/11/2023 19:47:13,24.81,25.12,24.42,23.84,23.96,23.44,21.52
754,28/11/2023 19:47:14,24.87,25.17,24.44,23.85,23.97,23.44,21.51
755,28/11/2023 19:47:15,24.94,25.21,24.45,23.86,23.97,23.44,21.52
756,28/11/2023 19:47:16,25.02,25.25,24.47,23.87,23.97,23.44,21.52
757,28/11/2023 19:47:17,25.08,25.32,24.49,23.87,23.97,23.44,21.51
758,28/11/2023 19:47:18,25.16,25.36,24.51,23.89,23.97,23.44,21.52
759,28/11/2023 19:47:19,25.25,25.49,24.54,23.9,23.98,23.44,21.52
760,28/11/2023 19:47:20,25.33,25.52,24.57,23.91,23.98,23.44,21.52
761,28/11/2023 19:47:21,25.41,25.61,24.6,23.91,23.98,23.44,21.51
762,28/11/2023 19:47:22,25.47,25.67,24.63,23.92,23.97,23.45,21.52
763,28/11/2023 19:47:23,25.54,25.73,24.66,23.93,23.97,23.45,21.52
764,28/11/2023 19:47:24,25.61,25.75,24.7,23.93,23.97,23.45,21.52
765,28/11/2023 19:47:25,25.72,25.8,24.73,23.94,23.97,23.45,21.52
766,28/11/2023 19:47:26,25.78,25.88,24.77,23.95,23.96,23.45,21.52
767,28/11/2023 19:47:27,25.86,26.01,24.81,23.96,23.97,23.45,21.52
768,28/11/2023 19:47:28,25.93,26.15,24.85,23.96,23.97,23.45,21.52
769,28/11/2023 19:47:29,25.99,26.21,24.89,23.98,23.97,23.45,21.52
770,28/11/2023 19:47:30,26.09,26.35,24.94,23.98,23.96,23.45,21.52
771,28/11/2023 19:47:31,26.2,26.45,24.97,23.99,23.96,23.45,21.52
772,28/11/2023 19:47:32,26.27,26.46,25.03,24,23.96,23.45,21.51
773,28/11/2023 19:47:33,26.37,26.53,25.06,24.01,23.96,23.45,21.52
774,28/11/2023 19:47:34,26.5,26.57,25.11,24.02,23.96,23.45,21.52
775,28/11/2023 19:47:35,26.59,26.71,25.15,24.03,23.96,23.45,21.52
776,28/11/2023 19:47:36,26.66,26.81,25.21,24.03,23.95,23.45,21.52
777,28/11/2023 19:47:37,26.75,26.82,25.25,24.05,23.95,23.45,21.51
778,28/11/2023 19:47:38,26.81,26.88,25.3,24.05,23.95,23.46,21.52
779,28/11/2023 19:47:39,26.91,26.95,25.36,24.06,23.95,23.45,21.51
780,28/11/2023 19:47:40,26.98,27.02,25.4,24.07,23.94,23.45,21.51
781,28/11/2023 19:47:41,27.09,27.23,25.46,24.08,23.94,23.46,21.51
782,28/11/2023 19:47:42,27.16,27.45,25.51,24.09,23.94,23.45,21.51
783,28/11/2023 19:47:43,27.25,27.55,25.56,24.11,23.93,23.46,21.51
784,28/11/2023 19:47:44,27.34,27.57,25.61,24.12,23.93,23.46,21.51
785,28/11/2023 19:47:45,27.44,27.63,25.67,24.13,23.93,23.46,21.51
786,28/11/2023 19:47:46,27.53,27.79,25.73,24.15,23.94,23.45,21.51
787,28/11/2023 19:47:47,27.64,27.89,25.79,24.16,23.93,23.46,21.5
788,28/11/2023 19:47:48,27.71,28,25.85,24.18,23.93,23.46,21.5
789,28/11/2023 19:47:49,27.8,28.02,25.91,24.19,23.93,23.46,21.5
790,28/11/2023 19:47:50,27.9,28.07,25.97,24.2,23.93,23.46,21.51
791,28/11/2023 19:47:51,28,28.16,26.03,24.22,23.93,23.46,21.51
792,28/11/2023 19:47:52,28.08,28.35,26.09,24.23,23.93,23.46,21.5
793,28/11/2023 19:47:53,28.16,28.57,26.15,24.25,23.93,23.46,21.5
794,28/11/2023 19:47:54,28.23,28.54,26.21,24.26,23.93,23.45,21.5
795,28/11/2023 19:47:55,28.3,28.59,26.28,24.27,23.93,23.46,21.5
796,28/11/2023 19:47:56,28.37,28.6,26.33,24.28,23.93,23.46,21.5
797,28/11/2023 19:47:57,28.44,28.7,26.4,24.29,23.93,23.46,21.5
798,28/11/2023 19:47:58,28.48,28.77,26.46,24.31,23.92,23.46,21.5
799,28/11/2023 19:47:59,28.53,28.79,26.52,24.31,23.92,23.46,21.5
800,28/11/2023 19:48:00,28.58,28.83,26.58,24.31,23.92,23.46,21.5
801,28/11/2023 19:48:01,28.61,28.9,26.64,24.32,23.92,23.46,21.5
802,28/11/2023 19:48:02,28.66,28.96,26.7,24.33,23.92,23.46,21.5
803,28/11/2023 19:48:03,28.71,29,26.76,24.35,23.92,23.46,21.49
804,28/11/2023 19:48:04,28.76,29.1,26.81,24.36,23.91,23.47,21.5
805,28/11/2023 19:48:05,28.81,29.13,26.87,24.36,23.92,23.46,21.49
806,28/11/2023 19:48:06,28.87,29.18,26.93,24.38,23.91,23.46,21.5
807,28/11/2023 19:48:07,28.92,29.29,26.99,24.39,23.91,23.46,21.5
808,28/11/2023 19:48:08,28.99,29.29,27.05,24.4,23.91,23.46,21.5
809,28/11/2023 19:48:09,29.05,29.39,27.1,24.42,23.91,23.46,21.49
810,28/11/2023 19:48:10,29.1,29.42,27.15,24.43,23.91,23.46,21.5
811,28/11/2023 19:48:11,29.16,29.48,27.21,24.44,23.9,23.46,21.5
812,28/11/2023 19:48:12,29.22,29.51,27.26,24.45,23.9,23.47,21.49
813,28/11/2023 19:48:13,29.28,29.62,27.32,24.47,23.9,23.47,21.49
814,28/11/2023 19:48:14,29.33,29.67,27.36,24.49,23.9,23.47,21.49
815,28/11/2023 19:48:15,29.38,29.73,27.42,24.5,23.9,23.47,21.49
816,28/11/2023 19:48:16,29.43,29.91,27.47,24.52,23.91,23.46,21.49
817,28/11/2023 19:48:17,29.48,29.91,27.52,24.54,23.91,23.46,21.49
818,28/11/2023 19:48:18,29.55,29.93,27.57,24.56,23.9,23.46,21.5
819,28/11/2023 19:48:19,29.61,29.95,27.63,24.57,23.9,23.46,21.48
820,28/11/2023 19:48:20,29.67,30.04,27.68,24.59,23.9,23.46,21.49
821,28/11/2023 19:48:21,29.78,30.09,27.73,24.6,23.9,23.46,21.49
822,28/11/2023 19:48:22,29.84,30.17,27.78,24.62,23.91,23.46,21.49
823,28/11/2023 19:48:23,29.93,30.27,27.83,24.63,23.91,23.46,21.49
824,28/11/2023 19:48:24,30,30.32,27.88,24.65,23.91,23.47,21.49
825,28/11/2023 19:48:25,30.06,30.42,27.93,24.66,23.91,23.47,21.49
826,28/11/2023 19:48:26,30.1,30.44,27.98,24.67,23.9,23.47,21.49
827,28/11/2023 19:48:27,30.17,30.45,28.03,24.69,23.9,23.47,21.5
828,28/11/2023 19:48:28,30.23,30.49,28.08,24.71,23.89,23.47,21.5
829,28/11/2023 19:48:29,30.3,30.54,28.13,24.73,23.9,23.47,21.5
830,28/11/2023 19:48:30,30.35,30.61,28.18,24.74,23.89,23.47,21.5
831,28/11/2023 19:48:31,30.4,30.66,28.23,24.76,23.89,23.47,21.5
832,28/11/2023 19:48:32,30.47,30.71,28.28,24.78,23.88,23.46,21.5
833,28/11/2023 19:48:33,30.54,30.85,28.34,24.8,23.88,23.47,21.5
834,28/11/2023 19:48:34,30.59,30.96,28.39,24.82,23.88,23.47,21.51
835,28/11/2023 19:48:35,30.65,31.03,28.44,24.84,23.87,23.47,21.51
836,28/11/2023 19:48:36,30.71,31.12,28.49,24.86,23.87,23.47,21.51
837,28/11/2023 19:48:37,30.78,31.17,28.54,24.88,23.87,23.47,21.51
838,28/11/2023 19:48:38,30.84,31.24,28.58,24.9,23.87,23.47,21.51
839,28/11/2023 19:48:39,30.92,31.26,28.63,24.93,23.87,23.47,21.51
840,28/11/2023 19:48:40,31,31.29,28.68,24.96,23.87,23.47,21.51
841,28/11/2023 19:48:41,31.09,31.34,28.73,24.97,23.87,23.48,21.51
842,28/11/2023 19:48:42,31.17,31.4,28.79,25,23.87,23.48,21.51
843,28/11/2023 19:48:43,31.24,31.45,28.84,25.02,23.87,23.48,21.51
844,28/11/2023 19:48:44,31.34,31.52,28.9,25.04,23.87,23.48,21.51
845,28/11/2023 19:48:45,31.43,31.6,28.96,25.07,23.86,23.48,21.51
846,28/11/2023 19:48:46,31.53,31.66,29.02,25.1,23.87,23.48,21.52
847,28/11/2023 19:48:47,31.58,31.73,29.08,25.13,23.87,23.48,21.52
848,28/11/2023 19:48:48,31.64,31.79,29.13,25.16,23.87,23.48,21.53
849,28/11/2023 19:48:49,31.7,31.88,29.2,25.19,23.88,23.49,21.52
850,28/11/2023 19:48:50,31.76,31.97,29.25,25.22,23.88,23.48,21.53
851,28/11/2023 19:48:51,31.8,32.05,29.31,25.24,23.88,23.49,21.53
852,28/11/2023 19:48:52,31.86,32.13,29.37,25.26,23.88,23.49,21.54
853,28/11/2023 19:48:53,31.92,32.19,29.43,25.28,23.88,23.49,21.54
854,28/11/2023 19:48:54,31.97,32.24,29.48,25.29,23.88,23.49,21.54
855,28/11/2023 19:48:55,32.02,32.28,29.54,25.31,23.88,23.48,21.54
856,28/11/2023 19:48:56,32.07,32.32,29.6,25.33,23.88,23.48,21.54
857,28/11/2023 19:48:57,32.1,32.36,29.65,25.35,23.88,23.48,21.54
858,28/11/2023 19:48:58,32.14,32.39,29.71,25.36,23.88,23.48,21.54
859,28/11/2023 19:48:59,32.19,32.45,29.77,25.38,23.88,23.48,21.54
860,28/11/2023 19:49:00,32.24,32.47,29.82,25.4,23.88,23.48,21.54
861,28/11/2023 19:49:01,32.27,32.51,29.88,25.42,23.88,23.47,21.55
862,28/11/2023 19:49:02,32.31,32.55,29.94,25.44,23.88,23.47,21.55
863,28/11/2023 19:49:03,32.34,32.61,29.99,25.47,23.89,23.47,21.55
864,28/11/2023 19:49:04,32.39,32.65,30.04,25.49,23.88,23.47,21.55
865,28/11/2023 19:49:05,32.44,32.69,30.09,25.52,23.89,23.47,21.55
866,28/11/2023 19:49:06,32.5,32.71,30.14,25.56,23.89,23.46,21.55
867,28/11/2023 19:49:07,32.54,32.75,30.2,25.59,23.89,23.47,21.54
868,28/11/2023 19:49:08,32.58,32.8,30.24,25.61,23.88,23.47,21.55
869,28/11/2023 19:49:09,32.64,32.87,30.29,25.65,23.89,23.48,21.55
870,28/11/2023 19:49:10,32.69,32.89,30.34,25.67,23.89,23.48,21.55
871,28/11/2023 19:49:11,32.75,32.93,30.39,25.69,23.89,23.48,21.55
872,28/11/2023 19:49:12,32.8,32.97,30.44,25.71,23.89,23.47,21.55
873,28/11/2023 19:49:13,32.85,33.03,30.48,25.74,23.89,23.48,21.55
874,28/11/2023 19:49:14,32.91,33.08,30.52,25.77,23.89,23.48,21.55
875,28/11/2023 19:49:15,32.96,33.15,30.57,25.8,23.89,23.48,21.55
876,28/11/2023 19:49:16,33.05,33.2,30.61,25.82,23.89,23.48,21.55
877,28/11/2023 19:49:17,33.13,33.27,30.65,25.84,23.89,23.47,21.55
878,28/11/2023 19:49:18,33.19,33.37,30.7,25.85,23.9,23.47,21.55
879,28/11/2023 19:49:19,33.29,33.43,30.74,25.87,23.9,23.47,21.56
880,28/11/2023 19:49:20,33.38,33.53,30.79,25.89,23.9,23.47,21.56
881,28/11/2023 19:49:21,33.47,33.59,30.85,25.91,23.89,23.46,21.57
882,28/11/2023 19:49:22,33.54,33.64,30.89,25.93,23.9,23.46,21.57
883,28/11/2023 19:49:23,33.61,33.71,30.93,25.94,23.9,23.46,21.57
884,28/11/2023 19:49:24,33.67,33.78,30.98,25.97,23.89,23.46,21.57
885,28/11/2023 19:49:25,33.73,33.87,31.03,25.98,23.89,23.46,21.58
886,28/11/2023 19:49:26,33.77,33.97,31.08,26,23.89,23.48,21.58
887,28/11/2023 19:49:27,33.81,34,31.13,26.02,23.88,23.5,21.58
888,28/11/2023 19:49:28,33.86,34.03,31.18,26.04,23.88,23.5,21.58
889,28/11/2023 19:49:29,33.89,34.07,31.24,26.06,23.88,23.51,21.58
890,28/11/2023 19:49:30,33.92,34.11,31.29,26.08,23.88,23.51,21.58
891,28/11/2023 19:49:31,33.95,34.15,31.33,26.1,23.88,23.52,21.58
892,28/11/2023 19:49:32,33.97,34.15,31.38,26.13,23.88,23.52,21.59
893,28/11/2023 19:49:33,33.99,34.15,31.44,26.16,23.88,23.53,21.59
894,28/11/2023 19:49:34,34.01,34.15,31.49,26.18,23.89,23.53,21.59
895,28/11/2023 19:49:35,34.02,34.18,31.53,26.2,23.89,23.54,21.59
896,28/11/2023 19:49:36,34.04,34.22,31.58,26.23,23.89,23.54,21.59
897,28/11/2023 19:49:37,34.05,34.23,31.62,26.26,23.89,23.55,21.59
898,28/11/2023 19:49:38,34.05,34.22,31.66,26.29,23.88,23.55,21.59
899,28/11/2023 19:49:39,34.06,34.24,31.69,26.31,23.88,23.56,21.59
900,28/11/2023 19:49:40,34.07,34.24,31.73,26.34,23.88,23.56,21.59
901,28/11/2023 19:49:41,34.08,34.24,31.76,26.36,23.88,23.57,21.61
902,28/11/2023 19:49:42,34.08,34.24,31.79,26.38,23.88,23.56,21.62
903,28/11/2023 19:49:43,34.08,34.24,31.82,26.41,23.88,23.56,21.63
904,28/11/2023 19:49:44,34.09,34.24,31.85,26.43,23.88,23.56,21.63
905,28/11/2023 19:49:45,34.1,34.24,31.88,26.46,23.88,23.56,21.64
906,28/11/2023 19:49:46,34.1,34.24,31.91,26.48,23.88,23.55,21.64
907,28/11/2023 19:49:47,34.11,34.24,31.94,26.5,23.88,23.56,21.65
908,28/11/2023 19:49:48,34.11,34.24,31.96,26.52,23.88,23.56,21.65
909,28/11/2023 19:49:49,34.11,34.24,31.99,26.54,23.87,23.55,21.66
910,28/11/2023 19:49:50,34.12,34.25,32.01,26.56,23.87,23.55,21.66
911,28/11/2023 19:49:51,34.12,34.25,32.03,26.57,23.88,23.56,21.66
912,28/11/2023 19:49:52,34.12,34.26,32.05,26.6,23.87,23.56,21.67
913,28/11/2023 19:49:53,34.12,34.25,32.06,26.61,23.87,23.55,21.67
914,28/11/2023 19:49:54,34.12,34.26,32.08,26.62,23.86,23.55,21.68
915,28/11/2023 19:49:55,34.13,34.26,32.09,26.63,23.87,23.55,21.68
916,28/11/2023 19:49:56,34.13,34.26,32.11,26.64,23.86,23.55,21.68
917,28/11/2023 19:49:57,34.13,34.27,32.12,26.65,23.86,23.54,21.68
918,28/11/2023 19:49:58,34.13,34.26,32.13,26.66,23.87,23.55,21.69
919,28/11/2023 19:49:59,34.13,34.26,32.14,26.67,23.87,23.54,21.69
920,28/11/2023 19:50:00,34.13,34.26,32.17,26.67,23.87,23.54,21.69
921,28/11/2023 19:50:01,34.14,34.27,32.18,26.67,23.88,23.55,21.69
922,28/11/2023 19:50:02,34.13,34.27,32.19,26.66,23.88,23.54,21.7
923,28/11/2023 19:50:03,34.13,34.26,32.21,26.66,23.89,23.55,21.7
924,28/11/2023 19:50:04,34.14,34.27,32.21,26.65,23.89,23.54,21.7
925,28/11/2023 19:50:05,34.14,34.26,32.22,26.64,23.89,23.54,21.71
926,28/11/2023 19:50:06,34.14,34.26,32.23,26.64,23.9,23.54,21.71
927,28/11/2023 19:50:07,34.14,34.27,32.24,26.65,23.9,23.54,21.71
928,28/11/2023 19:50:08,34.14,34.27,32.25,26.66,23.9,23.53,21.71
929,28/11/2023 19:50:09,34.15,34.27,32.26,26.66,23.91,23.54,21.72
930,28/11/2023 19:50:10,34.15,34.27,32.26,26.66,23.91,23.54,21.72
